Id,Forename,Surname,Email,Nationality,Course,University,Address
"List of students"
1,Koby,Dare,Astrid@salma.com,UK,"International Commercial & Maritime Law","Bandung Institute of Technology","23485 Shields Station Rodriguez Junction 990 New Calistabury"
2,Kelli,Dicki,Ivory@ashtyn.me,UK,"BA Management And Leadership With European Study","Polytechnic di Torino","64042-7915 Streich Park Parker Mount 529 D'Amoreberg"
3,Golden,Carter,Ari@flo.tv,UK,Retail/Merchandising,"New York University","40444-3540 Johnny Radial Jeffery Heights 487 New Arch"
4,Emory,Koch,Gene_Hilpert@laurie.io,UK,"IMML German","Aalborg University","51003 Reichel Forges Dennis River 474 North Dandreside"
5,Marjorie,Kilback,Antonia.Hauck@giuseppe.tv,"Dominican Republic","BSc Philosophy, Logic And Scientific Method","ESCP Europe (London)","20854-6183 58901 Ledner Courts 8553 Wuckert Lock 757 Lake Mervin"
6,Ernest,Hoeger,Maritza_Mann@abelardo.tv,Panama,Mathematics,"Royal Academy of Music","40444-3540 Johnny Radial Jeffery Heights 487 New Arch"
7,Rebecca,Hudson,Reynold_Ferry@bennett.us,Chile,"International Commercial & Maritime Law","Bandung Institute of Technology","79660 Lorna Stream Bechtelar Locks 7 Bernieburgh"
8,Josefina,Hirthe,Augustine@cassie.tv,Kyrgyzstan,Biology,"UHI Millennium Institute","57283-9246 Korey Manor Carlotta Underpass 153 Larsontown"
9,Wanda,Ebert,Amina.Farrell@charlie.net,Palau,"LL.B Law","Clark Atlanta University","48907-7261 Dan Light Zulauf Village 220 North Adahville"
10,Burnice,Denesik,Tyrese@don.ca,Kuwait,"English Law And German Law","Stirling, University of","60928-5635 Kirlin Pass Effertz Route 335 New Davetown"
11,Harold,Moen,Neil@merlin.name,"Vatican City","BA, Hons Accounting And Finance","Ochanomizu Univ","41969 Camylle Fall Medhurst Circle 900 South Domenicafort"
12,Brennon,Spencer,Alexandria@eva.io,Cambodia,"BA, Hons Accounting And Finance","Ochanomizu Univ","67091-2083 Santino Inlet Goodwin Junctions 535 Port Adamland"
13,Stanley,Ziemann,Micaela@millie.info,Azerbaijan,"BA Modern Languages With Business Management","Chungang University","49087-1056 Vandervort Bypass Reynolds Shoals 199 Port Pearlton"
14,Forest,Rempel,Chyna_Nolan@elody.org,Seychelles,"Software Engineering","Lebanese American University","64042-7915 Streich Park Parker Mount 529 D'Amoreberg"
15,Gregory,Zboncak,Annamae_Runte@soledad.us,Kazakhstan,Pharmaceutical,"US Military Acedemy","91794-0529 Halie Hill Bertram Harbors 787 Websterchester"
16,Valentine,Weimann,Jeromy_Blick@katrine.biz,"Turks and Caicos Islands",Art,"Ealing & West London College","65687 Jake Row Magdalen Square 773 South Garthburgh"
17,Alexandria,Waelchi,Everette_Torphy@halle.biz,"People's Democratic Republic of Yemen","Law With Criminology","Universidad Panamericana","48841-7603 Donny Center Marquis Ferry 166 West Amieland"
18,Florian,Altenwerth,Adelbert.Ryan@francisca.org,"Wake Island","Food And Drink","Universita Cattolica di Milano","83251 Pfeffer Ridge Devin Brook 266 Tremblaychester"
19,Faye,Zieme,Joannie.Brown@sigurd.co.uk,Guatemala,"Law And French","University of Central Florida","57378-2241 Zoila Vista Deckow Highway 309 Rempelview"
20,Raleigh,Beatty,Alessandra_Hayes@jamal.biz,"British Antarctic Territory",Anthropology,"Lebanese American University","67079 Arianna Crossroad Hackett Ford 950 Rashadmouth"
21,Dolly,Kuhic,Sonny@golda.net,Paraguay,HR,"National Tsing-Hua University","57378-2241 Zoila Vista Deckow Highway 309 Rempelview"
22,Mikel,Koepp,Rosella@cruz.biz,Liberia,Biology,"UHI Millennium Institute","85263-5673 Kip Parkway Dayton Orchard 385 Ettieton"
23,May,Pfannerstill,Dave@carlee.me,"Puerto Rico",PPE,"Scuola Normale Superiore (Pisa)","60928-5635 Kirlin Pass Effertz Route 335 New Davetown"
24,Otho,Douglas,Walter@karley.biz,Denmark,"Law And European Law (Qualifying Year Abroad In English)","Saint Mary's College of Meycauayan","50683 Mikayla Crescent Carli Grove 419 Eunicefurt"
25,Napoleon,Conroy,Charley.Orn@frances.co.uk,Afghanistan,Maths,"Griffith University","57283-9246 Korey Manor Carlotta Underpass 153 Larsontown"
26,Elza,Doyle,Isobel@simone.biz,Liechtenstein,MBA,"SUNY Fredonia","64042-7915 Streich Park Parker Mount 529 D'Amoreberg"
27,Maci,Schulist,Reginald.Klein@keshawn.name,"United States","BBA Management","Barnet College","30695 Gonzalo Prairie Marks Groves 171 West Lavadabury"
28,Kyler,Hansen,Lorine@rebeka.com,Canada,Other,"Wilmington College","74166 Antonette Mountain Cronin Summit 152 Port Cecilview"
29,Jean,Conn,Zackary.Dickinson@gonzalo.info,Kiribati,"Comparative Literature","Hunan University","22457-2256 75576 Dannie Islands 98367 Rachel Ports 541 Katarinaville"
30,Reilly,Yost,Herman@avis.me,"South Africa","MSc Social Cognition","XLRI, Jamshedpur","67079 Arianna Crossroad Hackett Ford 950 Rashadmouth"
31,Shad,Quigley,Roy@judah.com,Bhutan,"LLB Law With Politics","Blackburn College","12853-7190 Edgardo Center Turcotte Islands 662 Devinfurt"
32,Beatrice,Quitzon,Jana@herta.name,Timor-Leste,"Environment, Society And Development","Lodz University",
33,Lonny,Langworth,Sophia.Paucek@jamir.net,"New Zealand","Aeronautical Engineering","University of Western Ontario","92272 Jast Manors Aliya Drive 3 North Lexushaven"
34,Rosalinda,Kiehn,Gia@nestor.us,"Dominican Republic","LLM In International Finance And Banking Law","St Andrews, University of","23935-3072 Cierra Drive Myrtie Ports 975 North Annamaebury"
35,Rebekah,Parker,Faustino@shane.us,Kyrgyzstan,"Mechanical Engineering","Doncaster College","49822-0920 Otis Station Albertha Walks 125 Schmelerburgh"
36,Rhoda,Kuhlman,Roel@kianna.net,Gibraltar,Science/Research,"Royal Veterinary College","50683 Mikayla Crescent Carli Grove 419 Eunicefurt"
37,Judd,Cruickshank,Bell@buddy.co.uk,"Macau SAR China",BA,"University of Bonn","16262-5611 Charles Springs Hane Villages 210 West Clarabelle"
38,Sarah,Yundt,Marcia@noe.org,"Papua New Guinea",Law,"Aalto University","71989-0153 Bradley Center Antonette Field 708 Josiannechester"
39,Russ,Pacocha,Shakira_Kessler@moriah.co.uk,Greenland,Sociology,"University of Southern Maine","50683 Mikayla Crescent Carli Grove 419 Eunicefurt"
40,Kali,Purdy,Ignatius@madison.info,Mauritania,"Physical Earth & Biological Sciences","University of Calgary","83251 Pfeffer Ridge Devin Brook 266 Tremblaychester"
41,Janick,Block,Lamont@david.info,Belarus,"Social. Science","Moscow State Technical University","76963 Velma Creek Samantha Mews 623 North Randall"
42,Ford,Waelchi,Marta.Grimes@malinda.org,Paraguay,"Sport Exercise Science","National Sun Yat-sen University","23485 Shields Station Rodriguez Junction 990 New Calistabury"
43,Francesca,Batz,Janie.Klocko@dallin.net,"Netherlands Antilles","Mechanical Engineering","Doncaster College","52963 Lacy Square Goyette Brook 566 Swaniawskifurt"
44,Lukas,Rogahn,Gage.Willms@ruben.me,"Cape Verde",Geography,"University of the Philippines - Los Banos","65044-0521 Halvorson Stravenue Abbott Grove 333 Stephanside"
45,Wilhelmine,Funk,Daphne@darryl.biz,Zimbabwe,"LLB (European) Law","City of Sunderland College","67091-2083 Santino Inlet Goodwin Junctions 535 Port Adamland"
46,Jude,Nader,Payton@rupert.org,"Panama Canal Zone","Product Design","Imperial College London","20086-3486 Elissa Ports Orn Landing 48 Binston"
47,Frankie,Stroman,Saul@gia.name,"Saint Martin","French And History","Graduate University of Chinese Academy of Sciences","88879 Zulauf Villages Bashirian Parks 978 Lake Salvador"
48,Mina,Jaskolski,Amos_Effertz@jennie.info,Bermuda,Environmental,"Dundee College","41969 Camylle Fall Medhurst Circle 900 South Domenicafort"
49,Mack,Zieme,Martin@isabelle.com,Uzbekistan,"International Relations","Ealing & West London College","65687 Jake Row Magdalen Square 773 South Garthburgh"
50,Celestine,Tromp,Loy@evalyn.us,Peru,"LLM In International Business Law","Institut Superieur des Affaires (ISA)","32680 Liliana Wall Sabrina Mountain 262 Ullrichhaven"
51,Zella,Nitzsche,Bridgette@gordon.us,"New Zealand","Biomedical Science","ESSEC Business School (Paris)",
52,Ila,Kuphal,Terrance.Rowe@mario.co.uk,Maldives,"Social Care","Elmhurst College","60928-5635 Kirlin Pass Effertz Route 335 New Davetown"
53,Eda,Cruickshank,Abelardo@elza.ca,Jamaica,"Human Resources","University of the Philippines - Pampanga","98723-2113 Sam Falls Wintheiser Lakes 342 Port Havenmouth"
54,Jaylen,Koepp,Norbert@kristian.io,Monaco,"European Law (Maitrise)","Providence College","16789-2279 Nola Bridge Bianka Harbor 598 Deronville"
55,Kristina,Kohler,Aidan@nona.name,Russia,"Bachelor Of Computer Science Engineering","Malaysia University of Science and Technology","48841-7603 Donny Center Marquis Ferry 166 West Amieland"
56,Sean,Ondricka,Kristin.Rolfson@madelyn.tv,"Turks and Caicos Islands","LLM In Banking And Finance","Cardiff University","49087-1056 Vandervort Bypass Reynolds Shoals 199 Port Pearlton"
57,Estelle,Leuschke,Chauncey.Hoeger@jeramie.tv,Niue,"BSc Economics","Universidad Ramon Llull","87322-3717 Hettinger Garden Favian Locks 296 Port Kipmouth"
58,Roselyn,Funk,Korbin@hallie.io,Djibouti,"Natural Sciences","DIW Berlin","65044-0521 Halvorson Stravenue Abbott Grove 333 Stephanside"
59,Kariane,Romaguera,Jocelyn_Fadel@lauryn.com,Djibouti,Chinese,"University of Connecticut","65044-0521 Halvorson Stravenue Abbott Grove 333 Stephanside"
60,Adrian,Nitzsche,Markus.Gulgowski@nicolas.tv,Guernsey,"Sport Exercise Science","National Sun Yat-sen University","88879 Zulauf Villages Bashirian Parks 978 Lake Salvador"
61,Maggie,Windler,Shayna.Lesch@donny.io,Guernsey,Neuroscience,"Hobart and William Smith","42965 Roxanne Square Edyth Plains 524 Framiton"
62,Ken,Blanda,Modesta_Aufderhar@belle.co.uk,"French Southern Territories","Chemical Engineering","Universita degli Studi di Padova","83251 Pfeffer Ridge Devin Brook 266 Tremblaychester"
63,Antone,Reilly,Ford@garfield.name,Yemen,"BEng Mechanical Engineering","Padjadjaran University","51003 Reichel Forges Dennis River 474 North Dandreside"
64,Yadira,Cassin,Anastacio@murray.net,Mayotte,Biology,"UHI Millennium Institute","54465 Heaney Fork Lois Prairie 931 West Janetberg"
65,Marge,Macejkovic,Retha@griffin.me,Slovakia,"Law With Criminology","Universidad Panamericana","30775 O'Conner Junctions Leo Parks 667 New Roslynport"
66,Rogers,Feest,Keshawn_Kuvalis@orlando.name,Monaco,"BBA Management","Barnet College","39372 Taurean Mountain Wintheiser Green 286 Breitenbergberg"
67,Candelario,Fadel,Kailee_Casper@reina.me,Belarus,"LLB LAW","Obafemi Awololo University","61325-3623 Swift Stream Javon Canyon 584 Botsfordton"
68,Eldridge,Shields,Rachel_Block@olin.info,"Neutral Zone",Administration/Secretarial,"Le Moyne College","51003 Reichel Forges Dennis River 474 North Dandreside"
69,Lavina,Romaguera,Cathrine@virgie.us,"Canton and Enderbury Islands","Global Crime, Justice, Security","Swiss School of International Banking","23935-3072 Cierra Drive Myrtie Ports 975 North Annamaebury"
70,Matt,Hessel,Skyla@gonzalo.net,"Czech Republic",History,"Chulalongkorn University","59618 Shields Plaza Medhurst Plaza 747 South Ezequiel"
71,Barrett,Donnelly,Sheila.Abshire@david.io,"South Korea","Law And French","University of Central Florida","15635-1486 Zemlak Ville Stamm Motorway 476 Earlinehaven"
72,Betty,Hagenes,Linda@monte.me,Samoa,"Business Analysis And Consulting","Scuola Superiore S.Anna (Pisa)","22457-2256 75576 Dannie Islands 98367 Rachel Ports 541 Katarinaville"
73,Alphonso,Schmeler,Raphael_Senger@vernon.biz,Palau,Education/Teaching,"Sabhal Mor Ostaig","65470-8982 Williamson Valleys Daren Ranch 375 Jacobsport"
74,Selmer,Shields,Michelle.Rice@pat.me,Samoa,"Social Care","Elmhurst College","13115-1292 Stehr Squares Josie Turnpike 975 South Erikshire"
75,Earl,Kemmer,Terry.Rau@brennan.com,Niger,Mathematics/Statistics,"Abertay, University of","76963 Velma Creek Samantha Mews 623 North Randall"
76,Sharon,Kunde,Julius@isabell.io,"French Guiana","Civil Engineering","Universita degli Studi di Firenze","22643-4367 Kling Rue Reinger Stream 339 East Wendyberg"
77,Jeffry,Jacobs,Juliana.Stanton@magnolia.ca,Albania,"Forensic Science","Morehouse College","59708-3336 Harvey Falls Gutkowski Summit 664 South Orlando"
78,Eliane,Ritchie,Kaleigh.Durgan@verner.us,Chad,Sciences,"Richmond School of Business","45781-7986 Uriah Brook Maximilian Extensions 287 East Isai"
79,Howard,Erdman,Arthur_Stroman@quinn.com,"Puerto Rico","LLB Law With European Law","Aberdeen, University of","45781-7986 Uriah Brook Maximilian Extensions 287 East Isai"
80,Lance,Schimmel,Dovie.Williamson@alycia.org,Serbia,"BA(Hons) Politics And Modern History","Askham Bryan College","45825-7305 Kling Ramp Quitzon Trail 182 Beattyside"
81,Elliott,Tillman,Bethel@jess.com,Botswana,LL.M,"University of Koln","05886-1163 Newton Hill Sanford Ferry 739 Lake Maurine"
82,Emanuel,Boyle,Claude@brent.us,Tokelau,"Information Technology","University of Washington","57378-2241 Zoila Vista Deckow Highway 309 Rempelview"
83,Norma,Feest,Abdullah.Terry@leonardo.net,Georgia,"Civil Engineering","Universita degli Studi di Firenze","79660 Lorna Stream Bechtelar Locks 7 Bernieburgh"
84,Jenifer,O'Conner,Virgie@robert.name,Nepal,"Law With Politics LLB","Mahidol University","60928-5635 Kirlin Pass Effertz Route 335 New Davetown"
85,Lilliana,Towne,Henri@breana.org,"New Caledonia","LLB LAW","Obafemi Awololo University","20086-3486 Elissa Ports Orn Landing 48 Binston"
86,Verner,Padberg,Florencio@barney.com,Seychelles,"(BA) English Literature And American Studies","Birmingham, University of","48841-7603 Donny Center Marquis Ferry 166 West Amieland"
87,Adelia,Stiedemann,Jessika.Nader@glennie.name,Greece,"European Law (Maitrise)","Providence College","23274 Zulauf Mission Mike Freeway 926 New Marianna"
88,Tristin,Turcotte,Joyce_Jaskolski@emmalee.name,Nauru,"Natural Sciences","DIW Berlin","10455-1250 Nicolas Shoals Isom Centers 472 North Raphael"
89,Cooper,Pouros,Chase_Kub@emely.us,Micronesia,PPS,"Sacred Heart University","06490-1906 Eliezer Forks Amelia Landing 744 Port Jennifer"
90,Judy,Romaguera,Charlotte@earl.info,Australia,"Computer Science","University of Nairobi","98723-2113 Sam Falls Wintheiser Lakes 342 Port Havenmouth"
91,Maxie,Tremblay,Annamae.Upton@roma.biz,"French Guiana","IMML German","Aalborg University","49087-1056 Vandervort Bypass Reynolds Shoals 199 Port Pearlton"
92,Akeem,Barrows,Wellington@mara.ca,Mozambique,"Economics And Politics","Universita Cattolica del Sacro Cuore","65044-0521 Halvorson Stravenue Abbott Grove 333 Stephanside"
93,Florencio,Funk,Kenna@vicky.us,Malawi,Politics,"American University of Kuwait","32680 Liliana Wall Sabrina Mountain 262 Ullrichhaven"
94,Margarita,Welch,Wellington_Cormier@novella.tv,Ethiopia,"English Law & Hong Kong Law","Edinburgh, University of","10455-1250 Nicolas Shoals Isom Centers 472 North Raphael"
95,Helmer,Legros,Ubaldo@bessie.us,"Antigua and Barbuda","English Literature","Sauder School of Business","84813 8489 Herman Junction 19889 Karli Mountains 166 Olehaven"
96,Carole,Labadie,Josh@kelvin.io,Martinique,"Modern Languages","University of Newcastle","15635-1486 Zemlak Ville Stamm Motorway 476 Earlinehaven"
97,Desiree,Klein,Isidro_Homenick@jerald.biz,Nepal,Banking/Finance,"Winchester, University of","44003 Schumm Ford Carter Corners 536 New Dejuan"
98,Eloy,Kuvalis,Annabelle_Okuneva@christelle.com,"Panama Canal Zone","Ll.b Law With Criminology","Molloy College","61523-2821 Gerlach Locks Erdman Drive 624 East Stephenmouth"
99,Lucinda,Macejkovic,Ada_Wuckert@kirk.us,Austria,"German And Management","Ecole Nationale Superieure de Techniques Avancees","57378-2241 Zoila Vista Deckow Highway 309 Rempelview"
100,Emilia,Bosco,Yasmin@darwin.us,"São Tomé and Príncipe",LLB,"Management Development Institute","50683 Mikayla Crescent Carli Grove 419 Eunicefurt"
